Process Date,Amount,Other Party,Credit Plan Name,Transaction Date,Foreign Details,City,Country Code
03/04/2018,400.00,"PAYMENT RECEIVED       THANK YOU     NZL",,31/03/2018,,,
03/04/2018,-7.09,"DIGITALOCEAN.COM       DIGITALOCEAN. NY","PURCHASES",31/03/2018,"03/31/18          5.00    USD FOREIGN CURRENCY FEE $ 0.17 NZD INCLUDED",,
03/04/2018,-2.49,"BASICS ASIAN SUPERMARK CHRISTCHURCH  NZL","PURCHASES",02/04/2018,,,
03/04/2018,-7.94,"POWERSHOP              WELLINGTON    NZL","PURCHASES",02/04/2018,,,
03/04/2018,-33.10,"SUNSON GIFT SHOP       CHRISTCHURCH  NZ","PURCHASES",02/04/2018,,,
03/04/2018,-86.49,"TWO DEGREES NEW ZEALAN CHRISTCHURCH  NZ","PURCHASES",02/04/2018,,,
06/04/2018,-4.90,"ROBERT HARRIS BNZ      CHRISTCHURCH  NZL","PURCHASES",06/04/2018,,,
09/04/2018,-28.75,"KOSCO RICCARTON        CHRISTCHURCH  NZ","PURCHASES",07/04/2018,,,
09/04/2018,-96.67,"PAKNSAVE MOORHOUSE     CHRISTCHURCH  NZ","PURCHASES",07/04/2018,,,
09/04/2018,-18.19,"NEW WORLD SOUTH CITY   CHIRSTCHURCH  NZ","PURCHASES",07/04/2018,,,
10/04/2018,300.00,"PAYMENT RECEIVED       THANK YOU     NZL",,09/04/2018,,,
13/04/2018,-3.95,"POWERSHOP              WELLINGTON    NZL","PURCHASES",13/04/2018,,,
16/04/2018,-2.39,"Apple NZ GCS           SYDNEY        AU","PURCHASES",12/04/2018,,,
16/04/2018,-39.80,"TAICHI RESTAURANT      CHRISTCHURCH  NZ","PURCHASES",14/04/2018,,,
16/04/2018,-28.84,"PAKNSAVE MOORHOUSE     CHRISTCHURCH  NZ","PURCHASES",14/04/2018,,,
16/04/2018,100.00,"PAYMENT RECEIVED       THANK YOU     NZL",,15/04/2018,,,
20/04/2018,-4.49,"POWERSHOP              WELLINGTON    NZL","PURCHASES",20/04/2018,,,
23/04/2018,-44.47,"BUNNINGS - 9476        RICCARTON     NZL","PURCHASES",21/04/2018,,,
23/04/2018,-8.27,"B L RONAN              CHRISTCHURCH  NZ","PURCHASES",21/04/2018,,,
23/04/2018,-7.90,"STARBUCKS - 439        RICCARTON     NZL","PURCHASES",22/04/2018,,,
23/04/2018,-6.49,"FARMERS RICCARTON      CHRISTCHURCH  NZ","PURCHASES",22/04/2018,,,
23/04/2018,-4.87,"REDCURRENT LTD         CHRISTCHURCH  NZ","PURCHASES",22/04/2018,,,
23/04/2018,-5.09,"PAK N SAVE RICCARTON   CHRISTCHURCH  NZ","PURCHASES",22/04/2018,,,
23/04/2018,-44.90,"WITCHERY NZ-RICCARTON  RICCARTON     NZ","PURCHASES",22/04/2018,,,
24/04/2018,-5.00,"DOMINOS PIZZA          AUCKLAND      NZL","PURCHASES",23/04/2018,,,
26/04/2018,-9.00,"FAT EDDIES             CHRISTCHURCH  NZ","PURCHASES",23/04/2018,,,
26/04/2018,-21.35,"BUNNINGS - 9482        SHIRLEY       NZL","PURCHASES",25/04/2018,,,
26/04/2018,-60.00,"2DEGREES MOBILE        AUCKLAND      NZ","PURCHASES",25/04/2018,,,
26/04/2018,-32.84,"FARMERS - SHIRLEY      CHRISTCHURCH  NZ","PURCHASES",25/04/2018,,,
26/04/2018,-12.74,"PAGANI                 AUCKLAND      NZ","PURCHASES",25/04/2018,,,
27/04/2018,-5.70,"ROBERT HARRIS BNZ      CHRISTCHURCH  NZL","PURCHASES",27/04/2018,,,
27/04/2018,-3.35,"POWERSHOP              WELLINGTON    NZL","PURCHASES",27/04/2018,,,
30/04/2018,-13.00,"HOYTS CINEMAS NZ LTD   AUCKLAND      NZL","PURCHASES",27/04/2018,,,
30/04/2018,-1.50,"HOYTS CINEMAS NZ LTD   AUCKLAND      NZL","PURCHASES",27/04/2018,,,
30/04/2018,-871.14,"AMI INSURANCE          AUCKLAND      NZ","PURCHASES",27/04/2018,,,
30/04/2018,1100.00,"PAYMENT RECEIVED       THANK YOU     NZL",,28/04/2018,,,
30/04/2018,-31.19,"SUNSON GIFT SHOP       CHRISTCHURCH  NZ","PURCHASES",28/04/2018,,,
30/04/2018,-60.64,"PAKNSAVE MOORHOUSE     CHRISTCHURCH  NZ","PURCHASES",29/04/2018,,,
01/05/2018,-180.00,"DEPARTMENT OF INTERNAL WELLINGTON    NZL","PURCHASES",30/04/2018,,,
01/05/2018,-9.34,"POWERSHOP              WELLINGTON    NZL","PURCHASES",01/05/2018,,,
03/05/2018,-7.33,"DIGITALOCEAN.COM       DIGITALOCEAN. NY","PURCHASES",30/04/2018,"04/30/18          5.00    USD FOREIGN CURRENCY FEE $ 0.18 NZD INCLUDED",,
03/05/2018,500.00,"PAYMENT RECEIVED       THANK YOU     NZL",,02/05/2018,,,
03/05/2018,-86.49,"TWO DEGREES NEW ZEALAN CHRISTCHURCH  NZ","PURCHASES",02/05/2018,,,
04/05/2018,-5.20,"POWERSHOP              WELLINGTON    NZL","PURCHASES",04/05/2018,,,
07/05/2018,-54.86,"AGODA HOTEL RESERVATIO BUDAPEST      HU","PURCHASES",02/05/2018,,,
07/05/2018,-18.97,"PAKNSAVE MOORHOUSE     CHRISTCHURCH  NZ","PURCHASES",05/05/2018,,,
07/05/2018,-52.56,"NZ TRANSPORT AGENCY    PALM NORTH    NZL","PURCHASES",07/05/2018,,,
09/05/2018,-5.00,"WENDY'S HEREFORD STREE CHRISTCHURCH  NZ","PURCHASES",07/05/2018,,,
10/05/2018,-4.90,"ROBERT HARRIS BNZ      CHRISTCHURCH  NZL","PURCHASES",10/05/2018,,,
11/05/2018,-5.00,"WENDY'S HEREFORD STREE CHRISTCHURCH  NZ","PURCHASES",09/05/2018,,,
14/05/2018,-5.20,"LITTLE BREWS ESPRESSO  CHRISTCHURCH  NZ","PURCHASES",14/05/2018,,,
15/05/2018,-107.07,"PAKNSAVE MOORHOUSE     CHRISTCHURCH  NZ","PURCHASES",14/05/2018,,,
16/05/2018,-16.97,"LUMLEY GEN INS NZ      AUCKLAND      NZL","PURCHASES",16/05/2018,,,
16/05/2018,-20.00,"POWERSHOP              WELLINGTON    NZL","PURCHASES",16/05/2018,,,
17/05/2018,-4.78,"Apple NZ GCS           SYDNEY        AU","PURCHASES",14/05/2018,,,
17/05/2018,-4.90,"ROBERT HARRIS BNZ      CHRISTCHURCH  NZL","PURCHASES",17/05/2018,,,
18/05/2018,-4.09,"POWERSHOP              WELLINGTON    NZL","PURCHASES",18/05/2018,,,
22/05/2018,-3.40,"POWERSHOP              WELLINGTON    NZL","PURCHASES",22/05/2018,,,
23/05/2018,-4.90,"ROBERT HARRIS BNZ      CHRISTCHURCH  NZL","PURCHASES",23/05/2018,,,
24/05/2018,-22.94,"INTERNET SERVICES      AUCKLAND      NZ","PURCHASES",22/05/2018,,,
24/05/2018,-2.43,"POWERSHOP              WELLINGTON    NZL","PURCHASES",24/05/2018,,,
24/05/2018,-18.78,"POWERSHOP              WELLINGTON    NZL","PURCHASES",24/05/2018,,,
25/05/2018,-4.90,"ROBERT HARRIS BNZ      CHRISTCHURCH  NZL","PURCHASES",25/05/2018,,,
28/05/2018,-11.09,"BASICS ASIAN SUPERMARK CHRISTCHURCH  NZL","PURCHASES",26/05/2018,,,
28/05/2018,-35.31,"NEW WORLD SOUTH CITY   CHIRSTCHURCH  NZ","PURCHASES",26/05/2018,,,
30/05/2018,-6.61,"LUMLEY GEN INS NZ      AUCKLAND      NZL","PURCHASES",30/05/2018,,,
30/05/2018,-6.27,"NEW WORLD SOUTH CITY   CHIRSTCHURCH  NZ","PURCHASES",30/05/2018,,,
30/05/2018,-21.99,"SOUTH CITY PHARMACY    CHRISTCHURCH  NZ","PURCHASES",30/05/2018,,,
01/06/2018,-9.80,"POWERSHOP              WELLINGTON    NZL","PURCHASES",01/06/2018,,,
01/06/2018,-5.20,"LITTLE BREWS ESPRESSO  CHRISTCHURCH  NZ","PURCHASES",01/06/2018,,,
05/06/2018,350.00,"PAYMENT RECEIVED       THANK YOU     NZL",,01/06/2018,,,
05/06/2018,50.00,"PAYMENT RECEIVED       THANK YOU     NZL",,01/06/2018,,,
05/06/2018,-13.00,"CRAFT EMBASSY          CHRISTCHURCH  NZ","PURCHASES",01/06/2018,,,
05/06/2018,-7.36,"DIGITALOCEAN.COM       DIGITALOCEAN. NY","PURCHASES",01/06/2018,"06/01/18          5.00    USD FOREIGN CURRENCY FEE $ 0.18 NZD INCLUDED",,
05/06/2018,-15.00,"WELLES STREET          CHRISTCHURCH  NZ","PURCHASES",01/06/2018,,,
05/06/2018,-175.00,"GRABONE                WHANGAREI     NZL","PURCHASES",02/06/2018,,,
05/06/2018,-68.74,"PAK N SAVE WAINONI     WAINONI       NZ","PURCHASES",02/06/2018,,,
05/06/2018,-86.49,"TWO DEGREES NEW ZEALAN CHRISTCHURCH  NZ","PURCHASES",02/06/2018,,,
05/06/2018,-38.68,"Apple NZ GCS           SYDNEY        AU","PURCHASES",02/06/2018,,,
05/06/2018,-11.00,"TABLE AT MONKS         CHRISTCHURCH  NZL","PURCHASES",03/06/2018,,,
05/06/2018,-27.52,"GARDENFRESH WAINONI    WAINONI       NZ","PURCHASES",03/06/2018,,,
06/06/2018,-41.67,"BOOTLEG BBQ COMPANY    CHRISTCHURCH  NZ","PURCHASES",05/06/2018,,,
07/06/2018,-5.36,"LITTLE BREWS ESPRESSO  CHRISTCHURCH  NZ","PURCHASES",07/06/2018,,,
08/06/2018,-4.11,"POWERSHOP              WELLINGTON    NZL","PURCHASES",07/06/2018,,,
08/06/2018,-4.90,"ROBERT HARRIS BNZ      CHRISTCHURCH  NZL","PURCHASES",08/06/2018,,,
08/06/2018,-49.00,"MAX FASHIONS HIGH ST   CHRISTCHURCH  NZ","PURCHASES",08/06/2018,,,
11/06/2018,-47.00,"HELL PIZZA HEREFORD ST CHRISTCHURCH  NZ","PURCHASES",08/06/2018,,,
11/06/2018,-74.84,"COUNTRY ROAD - CHCH    CHRISTCHURCH  NZ","PURCHASES",08/06/2018,,,
11/06/2018,-149.17,"COUNTRY ROAD - CHCH    CHRISTCHURCH  NZ","PURCHASES",08/06/2018,,,
11/06/2018,-8.50,"HOYTS RICCARTON        RICCARTON     NZ","PURCHASES",09/06/2018,,,
11/06/2018,-48.68,"COUNTRY ROAD RICCARTON RICCARTON     NZ","PURCHASES",09/06/2018,,,
11/06/2018,-64.80,"WITCHERY NZ-RICCARTON  RICCARTON     NZ","PURCHASES",09/06/2018,,,
11/06/2018,-22.45,"PAKNSAVE MOORHOUSE     CHRISTCHURCH  NZ","PURCHASES",09/06/2018,,,
11/06/2018,500.00,"PAYMENT RECEIVED       THANK YOU     NZL",,11/06/2018,,,
12/06/2018,-12.45,"4H55 TRADE ME PING     Wellington    NZ","PURCHASES",11/06/2018,,,
12/06/2018,-13.00,"Y718 TRADE ME PING     Wellington    NZ","PURCHASES",11/06/2018,,,
13/06/2018,-6.61,"LUMLEY GEN INS NZ      AUCKLAND      NZL","PURCHASES",13/06/2018,,,
13/06/2018,-44.00,"ACCOUNT FEE","PURCHASES",13/06/2018,,,
14/06/2018,-7.12,"POWERSHOP              WELLINGTON    NZL","PURCHASES",14/06/2018,,,
14/06/2018,-250.00,"POWERSHOP              WELLINGTON    NZL","PURCHASES",14/06/2018,,,
15/06/2018,-30.00,"KFC - 510              CHRISTCHURCH  NZL","PURCHASES",14/06/2018,,,
15/06/2018,-13.00,"TWL 123 EASTGATE       X             NZ","PURCHASES",14/06/2018,,,
18/06/2018,-5.00,"WENDY'S HEREFORD STREE CHRISTCHURCH  NZ","PURCHASES",14/06/2018,,,
18/06/2018,-11.50,"MIN BUS INNOVATION & E WELLINGTON    NZL","PURCHASES",18/06/2018,,,
18/06/2018,-120.75,"MIN BUS INNOVATION & E WELLINGTON    NZL","PURCHASES",18/06/2018,,,
19/06/2018,-26.37,"PAKNSAVE MOORHOUSE     CHRISTCHURCH  NZ","PURCHASES",18/06/2018,,,
21/06/2018,-4.79,"DIGITALOCEAN.COM       DIGITALOCEAN. NY","PURCHASES",19/06/2018,"06/19/18          3.22    USD FOREIGN CURRENCY FEE $ 0.12 NZD INCLUDED",,
21/06/2018,-51.10,"AIR NZ TA              AUCKLAND      NZ","PURCHASES",21/06/2018,,,
22/06/2018,-24.00,"ANNAM RESTAURANT       WELLINGTON    NZ","PURCHASES",21/06/2018,,,
25/06/2018,-10.00,"THE FRINGE BAR         WELLINGTON    NZ","PURCHASES",22/06/2018,,,
25/06/2018,-40.00,"DEVI BOOKS             PUKERUA BAY   NZL","PURCHASES",23/06/2018,,,
25/06/2018,-62.40,"DAVID JONES            WELLINGTON    NZ","PURCHASES",23/06/2018,,,
25/06/2018,-35.28,"DAVID JONES            WELLINGTON    NZ","PURCHASES",23/06/2018,,,
25/06/2018,-10.20,"DAVID JONES            WELLINGTON    NZ","PURCHASES",23/06/2018,,,
25/06/2018,-53.04,"AIR NZ TA              AUCKLAND      NZ","PURCHASES",24/06/2018,,,
25/06/2018,-9.00,"SKINNY                 AUCKLAND      NZ","PURCHASES",24/06/2018,,,
27/06/2018,-2.00,"CHRISTCHURCH AIRPORT   CHRISTCHURCH  NZ","PURCHASES",24/06/2018,,,
27/06/2018,-85.00,"PAKNSAVE MOORHOUSE     CHRISTCHURCH  NZ","PURCHASES",26/06/2018,,,
27/06/2018,-5.49,"PAKNSAVE MOORHOUSE     CHRISTCHURCH  NZ","PURCHASES",26/06/2018,,,
27/06/2018,-6.61,"LUMLEY GEN INS NZ      AUCKLAND      NZL","PURCHASES",27/06/2018,,,
28/06/2018,-4.90,"ROBERT HARRIS BNZ      CHRISTCHURCH  NZL","PURCHASES",28/06/2018,,,
02/07/2018,800.00,"PAYMENT RECEIVED       THANK YOU     NZL",,29/06/2018,,,
02/07/2018,-3.58,"BASICS ASIAN SUPERMARK CHRISTCHURCH  NZL","PURCHASES",30/06/2018,,,
02/07/2018,-53.83,"PAKNSAVE MOORHOUSE     CHRISTCHURCH  NZ","PURCHASES",30/06/2018,,,
02/07/2018,-48.19,"CALTEX BLENHEIM ROAD   CHRISTCHURCH  NZ","PURCHASES",30/06/2018,,,
02/07/2018,455.00,"PAYMENT RECEIVED       THANK YOU     NZL",,01/07/2018,,,
02/07/2018,-31.16,"FRESHCHOICE CITY MKT   CHRISTCHURCH  NZ","PURCHASES",01/07/2018,,,
02/07/2018,-111.75,"COUNTRY ROAD RICCARTON RICCARTON     NZ","PURCHASES",01/07/2018,,,
02/07/2018,-58.97,"COSMO PHARMACY         CHRISTCHURCH  NZ","PURCHASES",01/07/2018,,,
02/07/2018,900.00,"PAYMENT RECEIVED       THANK YOU     NZL",,02/07/2018,,,
03/07/2018,-880.64,"CHINA SOUDP11118070191 AUCKLAND      NZ","PURCHASES",01/07/2018,,,
03/07/2018,-86.49,"TWO DEGREES NEW ZEALAN CHRISTCHURCH  NZ","PURCHASES",02/07/2018,,,
03/07/2018,-43.58,"BUNNINGS - 9476        RICCARTON     NZL","PURCHASES",03/07/2018,,,
03/07/2018,-22.40,"BUNNINGS - 9476        RICCARTON     NZL","PURCHASES",03/07/2018,,,
05/07/2018,-4.90,"MADE ESPRESSO BAR      CHRISTCHURCH  NZ","PURCHASES",04/07/2018,,,
05/07/2018,-3.50,"EVERYDAY DOSE          CHRISTCHURCH  NZL","PURCHASES",05/07/2018,,,
06/07/2018,-214.74,"PAKNSAVE MOORHOUSE     CHRISTCHURCH  NZ","PURCHASES",05/07/2018,,,
06/07/2018,-39.00,"ST GERMAIN             PAPANUI       NZ","PURCHASES",05/07/2018,,,
06/07/2018,-3.50,"EVERYDAY DOSE          CHRISTCHURCH  NZL","PURCHASES",06/07/2018,,,
09/07/2018,-41.10,"TAICHI RESTAURANT      CHRISTCHURCH  NZ","PURCHASES",07/07/2018,,,
09/07/2018,-104.26,"NEW WORLD ILAM         ILAM          NZ","PURCHASES",08/07/2018,,,
10/07/2018,-121.35,"PAKNSAVE MOORHOUSE     CHRISTCHURCH  NZ","PURCHASES",09/07/2018,,,
11/07/2018,-6.61,"LUMLEY GEN INS NZ      AUCKLAND      NZL","PURCHASES",11/07/2018,,,
13/07/2018,-83.21,"ABL                    WELLINGTON    NZL","PURCHASES",13/07/2018,,,
16/07/2018,-26.82,"PAYPAL *SHENZHENSHI    4029357733    HK","PURCHASES",12/07/2018,,,
16/07/2018,-16.88,"PAYPAL *SHENZHENSHI    4029357733    HK","PURCHASES",12/07/2018,,,
16/07/2018,-52.11,"DHGATE                 SURREY        GB","PURCHASES",12/07/2018,,,
16/07/2018,-5.00,"MCDONALDS SOUTH CITY F CHRISTCHURCH  NZL","PURCHASES",16/07/2018,,,
16/07/2018,1300.00,"PAYMENT RECEIVED       THANK YOU     NZL",,16/07/2018,,,
17/07/2018,-3.50,"EVERYDAY DOSE          CHRISTCHURCH  NZL","PURCHASES",17/07/2018,,,
18/07/2018,-30.00,"EDGEWARE AUTOMOTIVE    CHRISTCHURCH  NZ","PURCHASES",17/07/2018,,,
19/07/2018,-95.74,"PAKNSAVE MOORHOUSE     CHRISTCHURCH  NZ","PURCHASES",18/07/2018,,,
19/07/2018,-4.90,"ROBERT HARRIS BNZ      CHRISTCHURCH  NZL","PURCHASES",19/07/2018,,,
20/07/2018,-4.18,"Apple NZ GCS           SYDNEY        AU","PURCHASES",17/07/2018,,,
20/07/2018,-5.00,"WENDY'S HEREFORD STREE CHRISTCHURCH  NZ","PURCHASES",18/07/2018,,,
20/07/2018,-4.90,"ROBERT HARRIS BNZ      CHRISTCHURCH  NZL","PURCHASES",20/07/2018,,,
23/07/2018,-1209.21,"FLIGHT CENTRE ONLINE   AUCKLAND      NZ","PURCHASES",19/07/2018,,,
25/07/2018,-6.61,"LUMLEY GEN INS NZ      AUCKLAND      NZL","PURCHASES",25/07/2018,,,
25/07/2018,-20.00,"2DEGREES MOBILE        AUCKLAND      NZ","PURCHASES",25/07/2018,,,
26/07/2018,-51.09,"PAKNSAVE MOORHOUSE     CHRISTCHURCH  NZ","PURCHASES",25/07/2018,,,
26/07/2018,-5.20,"LITTLE BREWS ESPRESSO  CHRISTCHURCH  NZ","PURCHASES",26/07/2018,,,
30/07/2018,-59.50,"BALLANTYNES            CHRISTCHURCH  NZ","PURCHASES",27/07/2018,,,
30/07/2018,-32.74,"MAD BUTCHER FERRY ROAD CHRISTCHURCH  NZL","PURCHASES",29/07/2018,,,
30/07/2018,-52.56,"NZ TRANSPORT AGENCY    PALM NORTH    NZL","PURCHASES",29/07/2018,,,
30/07/2018,-43.49,"GURUJI INDIAN FOODS    CHRISTCHURCH  NZ","PURCHASES",29/07/2018,,,
30/07/2018,-114.00,"BALLANTYNES            CHRISTCHURCH  NZ","PURCHASES",29/07/2018,,,
30/07/2018,-5.17,"GARDENFRESH WAINONI    WAINONI       NZ","PURCHASES",29/07/2018,,,
30/07/2018,-4.90,"ROBERT HARRIS BNZ      CHRISTCHURCH  NZL","PURCHASES",30/07/2018,,,
31/07/2018,-23.41,"VETCALL                CHRISTCHURCH  NZ","PURCHASES",30/07/2018,,,
01/08/2018,-452.52,"EXPEDIA 7369782468287  Auckland      NZ","PURCHASES",31/07/2018,,,
02/08/2018,300.00,"PAYMENT RECEIVED       THANK YOU     NZL",,02/08/2018,,,
03/08/2018,-112.12,"Hotel on Booking.com   Amsterdam     NL","PURCHASES",01/08/2018,"08/01/18         8,262    JPY FOREIGN CURRENCY FEE $ 2.74 NZD INCLUDED",,
03/08/2018,-159.52,"EXPEDIA 7370702950182  Auckland      NZ","PURCHASES",02/08/2018,,,
03/08/2018,-138.06,"EXPEDIA 7370709925356  Auckland      NZ","PURCHASES",02/08/2018,,,
03/08/2018,138.06,"EXPEDIA 7370709925356  Auckland      NZ","PURCHASES",02/08/2018,,,
03/08/2018,159.52,"EXPEDIA 7370702950182  Auckland      NZ","PURCHASES",02/08/2018,,,
03/08/2018,-86.49,"TWO DEGREES NEW ZEALAN CHRISTCHURCH  NZ","PURCHASES",02/08/2018,,,
03/08/2018,2000.00,"PAYMENT RECEIVED       THANK YOU     NZL",,03/08/2018,,,
06/08/2018,-5.00,"WENDY'S HEREFORD STREE CHRISTCHURCH  NZ","PURCHASES",03/08/2018,,,
06/08/2018,-149.70,"BALLANTYNES            CHRISTCHURCH  NZ","PURCHASES",04/08/2018,,,
06/08/2018,-88.00,"BALLANTYNES            CHRISTCHURCH  NZ","PURCHASES",05/08/2018,,,
06/08/2018,-27.63,"PAKNSAVE MOORHOUSE     CHRISTCHURCH  NZ","PURCHASES",05/08/2018,,,
06/08/2018,-9.90,"C-1 ESPRESSO           CHRISTCHURCH  NZ","PURCHASES",05/08/2018,,,
06/08/2018,-57.00,"BALLANTYNES            CHRISTCHURCH  NZ","PURCHASES",05/08/2018,,,
06/08/2018,-59.00,"BALLANTYNES            CHRISTCHURCH  NZ","PURCHASES",05/08/2018,,,
07/08/2018,-10.00,"GRABONE                WHANGAREI     NZL","PURCHASES",07/08/2018,,,
08/08/2018,-2.20,"PAYPAL *HUANGRONGLI    4029357733    HK","PURCHASES",06/08/2018,,,
08/08/2018,800.00,"PAYMENT RECEIVED       THANK YOU     NZL",,07/08/2018,,,
08/08/2018,-6.61,"LUMLEY GEN INS NZ      AUCKLAND      NZL","PURCHASES",08/08/2018,,,
10/08/2018,-4.90,"ROBERT HARRIS BNZ      CHRISTCHURCH  NZL","PURCHASES",10/08/2018,,,
13/08/2018,-32.10,"MAD BUTCHER FERRY ROAD CHRISTCHURCH  NZL","PURCHASES",12/08/2018,,,
13/08/2018,-63.67,"PAKNSAVE MOORHOUSE     CHRISTCHURCH  NZ","PURCHASES",12/08/2018,,,
13/08/2018,-4.90,"ROBERT HARRIS BNZ      CHRISTCHURCH  NZL","PURCHASES",13/08/2018,,,
14/08/2018,-400.00,"MYLES GLASS            KAIAPOI       NZ","PURCHASES",13/08/2018,,,
14/08/2018,300.00,"PAYMENT RECEIVED       THANK YOU     NZL",,14/08/2018,,,
15/08/2018,-4.90,"ROBERT HARRIS BNZ      CHRISTCHURCH  NZL","PURCHASES",15/08/2018,,,
20/08/2018,-4.92,"PAKNSAVE MOORHOUSE     CHRISTCHURCH  NZ","PURCHASES",19/08/2018,,,
21/08/2018,100.00,"PAYMENT RECEIVED       THANK YOU     NZL",,20/08/2018,,,
22/08/2018,-6.61,"LUMLEY GEN INS NZ      AUCKLAND      NZL","PURCHASES",22/08/2018,,,
24/08/2018,-125.81,"AGODA HOTEL RESERVATIO BUDAPEST      HU","PURCHASES",17/08/2018,,,
27/08/2018,-114.50,"VETCALL                CHRISTCHURCH  NZ","PURCHASES",24/08/2018,,,
27/08/2018,-5.00,"WENDY'S HEREFORD STREE CHRISTCHURCH  NZ","PURCHASES",24/08/2018,,,
27/08/2018,-20.00,"2DEGREES MOBILE        AUCKLAND      NZ","PURCHASES",25/08/2018,,,
27/08/2018,-20.00,"2DEGREES MOBILE        AUCKLAND      NZ","PURCHASES",25/08/2018,,,
28/08/2018,-15.17,"TOP TEN THAI CUISINE   SAMUTPRAKAN   TH","PURCHASES",26/08/2018,"08/26/18        319.00    THB FOREIGN CURRENCY FEE $ 0.37 NZD INCLUDED",,
03/09/2018,-162.47,"HOTEL KEIHAN TENMABASH OSAKA         JP","PURCHASES",27/08/2018,"08/27/18        11,664    JPY FOREIGN CURRENCY FEE $ 3.96 NZD INCLUDED",,
03/09/2018,-86.49,"TWO DEGREES NEW ZEALAN CHRISTCHURCH  NZ","PURCHASES",02/09/2018,,,
03/09/2018,-143.31,"SHIMMACHI NISHI        OSAKA         NZL","CASH",03/09/2018,"09/03/18        10,216    JPY FOREIGN CURRENCY FEE $ 3.50 NZD INCLUDED",,
03/09/2018,-283.58,"SHIMMACHI NISHI        OSAKA         NZL","CASH",03/09/2018,"09/03/18        20,216    JPY FOREIGN CURRENCY FEE $ 6.92 NZD INCLUDED",,
03/09/2018,-2.00,"CASH ADVANCE FEE - INT'L ATM","CASH",03/09/2018,,,
03/09/2018,-2.00,"CASH ADVANCE FEE - INT'L ATM","CASH",03/09/2018,,,
04/09/2018,-75.74,"KIDOAIRAKU             KYOTO         JP","PURCHASES",01/09/2018,"09/01/18         5,400    JPY FOREIGN CURRENCY FEE $ 1.84 NZD INCLUDED",,
05/09/2018,-165.45,"AGODA HOTEL RESERVATIO BUDAPEST      HU","PURCHASES",29/08/2018,,,
05/09/2018,-140.27,"GIONISHI               KYOTO         JP","PURCHASES",02/09/2018,"09/02/18        10,000    JPY FOREIGN CURRENCY FEE $ 3.42 NZD INCLUDED",,
05/09/2018,1200.00,"PAYMENT RECEIVED       THANK YOU     NZL",,05/09/2018,,,
05/09/2018,-6.61,"LUMLEY GEN INS NZ      AUCKLAND      NZL","PURCHASES",05/09/2018,,,
06/09/2018,-442.24,"KOKUMIN KUROMONICHIBA  OSAKA         JP","PURCHASES",03/09/2018,"09/03/18        31,287    JPY FOREIGN CURRENCY FEE $ 10.79 NZD INCLUDED",,
07/09/2018,-77.87,"AGODA HOTEL RESERVATIO BUDAPEST      HU","PURCHASES",04/09/2018,,,
07/09/2018,1200.00,"PAYMENT RECEIVED       THANK YOU     NZL",,07/09/2018,,,
10/09/2018,-78.56,"HANEDAKUUKORIYOKIYAKUT TOKYO         JP","PURCHASES",06/09/2018,"09/06/18         5,522    JPY FOREIGN CURRENCY FEE $ 1.91 NZD INCLUDED",,
10/09/2018,-170.73,"HANEDAKUUKORIYOKIYAKUT TOKYO         JP","PURCHASES",06/09/2018,"09/06/18        12,000    JPY FOREIGN CURRENCY FEE $ 4.16 NZD INCLUDED",,
10/09/2018,-59.46,"AGODA HOTEL RESERVATIO BUDAPEST      HU","PURCHASES",06/09/2018,,,
10/09/2018,-51.21,"GUEST HOUSE GLOIRE     OSAKA         JP","PURCHASES",06/09/2018,"09/06/18         3,600    JPY FOREIGN CURRENCY FEE $ 1.24 NZD INCLUDED",,
10/09/2018,700.00,"PAYMENT RECEIVED       THANK YOU     NZL",,08/09/2018,,,
10/09/2018,-4.07,"BASICS ASIAN SUPERMARK CHRISTCHURCH  NZL","PURCHASES",09/09/2018,,,
10/09/2018,-4.90,"ROBERT HARRIS BNZ      CHRISTCHURCH  NZL","PURCHASES",10/09/2018,,,
12/09/2018,-316.47,"APM MC AUSTRALIA P/L   MASCOT        AU","PURCHASES",07/09/2018,"09/07/18        283.00    AUD FOREIGN CURRENCY FEE $ 7.72 NZD INCLUDED",,
12/09/2018,-5.00,"WENDY'S HEREFORD STREE CHRISTCHURCH  NZ","PURCHASES",10/09/2018,,,
12/09/2018,-39.00,"GRABONE                WHANGAREI     NZL","PURCHASES",12/09/2018,,,
12/09/2018,-45.00,"Ballantynes            AUCKLAND      NZ","PURCHASES",12/09/2018,,,
14/09/2018,-40.52,"PAKNSAVE MOORHOUSE     CHRISTCHURCH  NZ","PURCHASES",13/09/2018,,,
14/09/2018,-191.83,"COUNTDOWN MOORHOUSE    CHRISTCHURCH  NZL","PURCHASES",14/09/2018,,,
14/09/2018,-99.00,"GRABONE                WHANGAREI     NZL","PURCHASES",14/09/2018,,,
17/09/2018,-12.60,"WILSON PARKING         CHRISTCHURCH  NZ","PURCHASES",13/09/2018,,,
17/09/2018,-5.00,"WENDY'S HEREFORD STREE CHRISTCHURCH  NZ","PURCHASES",14/09/2018,,,
17/09/2018,-174.08,"COUNTDOWN MOORHOUSE    CHRISTCHURCH  NZL","PURCHASES",15/09/2018,,,
17/09/2018,-4.00,"KMART - RICCARTON      CHRISTCHURCH  NZ","PURCHASES",15/09/2018,,,
17/09/2018,-46.00,"FARMERS RICCARTON      CHRISTCHURCH  NZ","PURCHASES",15/09/2018,,,
17/09/2018,-48.74,"CALTEX RICCARTON       CHRISTCHURCH  NZ","PURCHASES",15/09/2018,,,
17/09/2018,-10.00,"COTTON ON TYPO 9713    CHRISTCHURCH  NZ","PURCHASES",15/09/2018,,,
17/09/2018,-100.48,"JEANSWEST RICCARTON    MALL CHRISTCH NZ","PURCHASES",15/09/2018,,,
17/09/2018,-3.29,"PAYPAL *SHANGHAIZHU    4029357733    HK","PURCHASES",15/09/2018,,,
17/09/2018,-27.50,"LAZEEZA                CHRISTCHURCH  NZ","PURCHASES",16/09/2018,,,
17/09/2018,-37.00,"MAX FASHIONS HORNBY    HORNBY        NZ","PURCHASES",16/09/2018,,,
17/09/2018,-24.97,"LOVEMY MAKEUP          AUCKLAND      NZ","PURCHASES",16/09/2018,,,
17/09/2018,-4.50,"PETER ALEXANDER        CHRISTCHURCH  NZ","PURCHASES",16/09/2018,,,
17/09/2018,-6.08,"PAKNSAVE MOORHOUSE     CHRISTCHURCH  NZ","PURCHASES",16/09/2018,,,
17/09/2018,-15.97,"GROWERS DIRECT (1974)  CHRISTCHURCH  NZ","PURCHASES",16/09/2018,,,
17/09/2018,-21.98,"BENDON HORNBY          HORNBY        NZ","PURCHASES",16/09/2018,,,
17/09/2018,-120.50,"ADIDAS HORNBY FO       CHRISTCHURCH  NZ","PURCHASES",16/09/2018,,,
17/09/2018,-15.00,"FIBRE HORNBY           CHRISTCHURCH  NZ","PURCHASES",16/09/2018,,,
17/09/2018,-4.90,"ROBERT HARRIS BNZ      CHRISTCHURCH  NZL","PURCHASES",17/09/2018,,,
19/09/2018,-6.61,"LUMLEY GEN INS NZ      AUCKLAND      NZL","PURCHASES",19/09/2018,,,
20/09/2018,-4.60,"ROBERT HARRIS BNZ      CHRISTCHURCH  NZL","PURCHASES",20/09/2018,,,
20/09/2018,-27.92,"WITCHERY               CHRISTCHURCH  NZ","PURCHASES",20/09/2018,,,
20/09/2018,-7.68,"FRESHCHOICE CITY MKT   CHRISTCHURCH  NZ","PURCHASES",20/09/2018,,,
24/09/2018,26.31,"DHGATE                 SURREY        GB","PURCHASES",12/07/2018,,,
24/09/2018,-5.00,"FARMERS                CHRISTCHURCH  NZ","PURCHASES",23/09/2018,,,
24/09/2018,-15.00,"FARMERS                CHRISTCHURCH  NZ","PURCHASES",23/09/2018,,,
28/09/2018,-14.00,"TWL 175 SOUTH CITY     CHRISTCHURCH  NZ","PURCHASES",28/09/2018,,,
01/10/2018,-11.00,"FAT EDDIES             CHRISTCHURCH  NZ","PURCHASES",28/09/2018,,,
01/10/2018,-4.90,"ROBERT HARRIS BNZ      CHRISTCHURCH  NZL","PURCHASES",01/10/2018,,,
02/10/2018,-6.97,"FRESHCHOICE CITY MKT   CHRISTCHURCH  NZ","PURCHASES",02/10/2018,,,
03/10/2018,-30.00,"GOOGLE *Donations CDP  g.co/helppay# GB","PURCHASES",01/10/2018,,,
03/10/2018,-5.00,"WENDY'S HEREFORD STREE CHRISTCHURCH  NZ","PURCHASES",01/10/2018,,,
03/10/2018,-43.00,"PAKNSAVE MOORHOUSE     CHRISTCHURCH  NZ","PURCHASES",02/10/2018,,,
03/10/2018,-86.49,"TWO DEGREES NEW ZEALAN CHRISTCHURCH  NZ","PURCHASES",02/10/2018,,,
03/10/2018,-6.61,"LUMLEY GEN INS NZ      AUCKLAND      NZL","PURCHASES",03/10/2018,,,
03/10/2018,-6.97,"FRESHCHOICE CITY MKT   CHRISTCHURCH  NZ","PURCHASES",03/10/2018,,,
05/10/2018,-52.82,"VETCALL                CHRISTCHURCH  NZ","PURCHASES",04/10/2018,,,
08/10/2018,-20.00,"FAT EDDIES             CHRISTCHURCH  NZ","PURCHASES",05/10/2018,,,
08/10/2018,-2.39,"Apple NZ GCS           SYDNEY        AU","PURCHASES",05/10/2018,,,
08/10/2018,681.00,"PAYMENT RECEIVED       THANK YOU     NZL",,06/10/2018,,,
08/10/2018,-6.00,"CCC TAIORA: QEII       NEW BRIGHTON  NZ","PURCHASES",07/10/2018,,,
08/10/2018,-4.90,"ROBERT HARRIS BNZ      CHRISTCHURCH  NZL","PURCHASES",08/10/2018,,,
10/10/2018,40.00,"PAYMENT RECEIVED       THANK YOU     NZL",,09/10/2018,,,
15/10/2018,-57.20,"PAKNSAVE MOORHOUSE     CHRISTCHURCH  NZ","PURCHASES",12/10/2018,,,
15/10/2018,-5.00,"WENDY'S HEREFORD STREE CHRISTCHURCH  NZ","PURCHASES",12/10/2018,,,
15/10/2018,-50.00,"JUICE 11               WAIHOPAI VLY  NZ","PURCHASES",14/10/2018,,,
15/10/2018,-19.00,"TWL 220 RICCARTON      RICCARTON     NZ","PURCHASES",14/10/2018,,,
15/10/2018,-4.90,"ROBERT HARRIS BNZ      CHRISTCHURCH  NZL","PURCHASES",15/10/2018,,,
16/10/2018,-66.82,"COUNTDOWN MOORHOUSE    CHRISTCHURCH  NZL","PURCHASES",16/10/2018,,,
17/10/2018,-15.01,"PAKNSAVE MOORHOUSE     CHRISTCHURCH  NZ","PURCHASES",16/10/2018,,,
17/10/2018,-6.61,"LUMLEY GEN INS NZ      AUCKLAND      NZL","PURCHASES",17/10/2018,,,
23/10/2018,-26.06,"BUNNINGS - 9476        RICCARTON     NZL","PURCHASES",21/10/2018,,,
23/10/2018,-49.51,"SUNSON GIFT SHOP       CHRISTCHURCH  NZ","PURCHASES",21/10/2018,,,
23/10/2018,-0.67,"KIKKI.K                CHRISTCHURCH  NZ","PURCHASES",21/10/2018,,,
23/10/2018,-45.59,"PAKNSAVE MOORHOUSE     CHRISTCHURCH  NZ","PURCHASES",21/10/2018,,,
23/10/2018,-4.90,"ROBERT HARRIS BNZ      CHRISTCHURCH  NZL","PURCHASES",23/10/2018,,,
25/10/2018,-14.40,"SILVERMOON MERRIVALE M CHRISTCHURCH  NZ","PURCHASES",24/10/2018,,,
25/10/2018,-20.00,"2DEGREES MOBILE        AUCKLAND      NZ","PURCHASES",25/10/2018,,,
29/10/2018,-24.05,"AMZN Mktp US*M82LR5JF1 Amzn.com/bill LU","PURCHASES",25/10/2018,,,
29/10/2018,-14.18,"BASICS ASIAN SUPERMARK CHRISTCHURCH  NZL","PURCHASES",27/10/2018,,,
29/10/2018,-6.00,"CCC TAIORA: QEII       NEW BRIGHTON  NZ","PURCHASES",28/10/2018,,,
29/10/2018,-4.20,"ROBERT HARRIS BNZ      CHRISTCHURCH  NZL","PURCHASES",29/10/2018,,,
30/10/2018,430.00,"PAYMENT RECEIVED       THANK YOU     NZL",,30/10/2018,,,
31/10/2018,-1.00,"MCDONALDS SOUTH CITY F CHRISTCHURCH  NZL","PURCHASES",31/10/2018,,,
31/10/2018,-6.61,"LUMLEY GEN INS NZ      AUCKLAND      NZL","PURCHASES",31/10/2018,,,
01/11/2018,-10.50,"GURUJI INDIAN FOODS    CHRISTCHURCH  NZ","PURCHASES",31/10/2018,,,
02/11/2018,-3.00,"MCDONALDS SOUTH CITY F CHRISTCHURCH  NZL","PURCHASES",02/11/2018,,,
05/11/2018,-1.75,"PAYPAL *SHANGHAIYIN    4029357733    HK","PURCHASES",01/11/2018,,,
05/11/2018,-27.43,"PAKNSAVE MOORHOUSE     CHRISTCHURCH  NZ","PURCHASES",02/11/2018,,,
05/11/2018,-86.49,"TWO DEGREES NEW ZEALAN CHRISTCHURCH  NZ","PURCHASES",02/11/2018,,,
05/11/2018,-49.99,"PAYPAL                 4029357733    SG","PURCHASES",02/11/2018,,,
05/11/2018,-10.00,"FAT EDDIES             CHRISTCHURCH  NZ","PURCHASES",02/11/2018,,,
05/11/2018,-9.70,"BASICS ASIAN SUPERMARK CHRISTCHURCH  NZL","PURCHASES",03/11/2018,,,
05/11/2018,-1.49,"BASICS ASIAN SUPERMARK CHRISTCHURCH  NZL","PURCHASES",03/11/2018,,,
05/11/2018,-19.50,"MADAM KWONG'S          CHRISTCHURCH  NZ","PURCHASES",03/11/2018,,,
05/11/2018,-97.97,"BRISCOES RICCARTON     AUCKLAND      NZ","PURCHASES",03/11/2018,,,
05/11/2018,-69.71,"PAKNSAVE MOORHOUSE     CHRISTCHURCH  NZ","PURCHASES",03/11/2018,,,
05/11/2018,400.00,"PAYMENT RECEIVED       THANK YOU     NZL",,04/11/2018,,,
05/11/2018,-4.90,"ROBERT HARRIS BNZ      CHRISTCHURCH  NZL","PURCHASES",05/11/2018,,,
06/11/2018,49.99,"PAYPAL                 4029357733    SG","PURCHASES",04/11/2018,,,
06/11/2018,-4.90,"ROBERT HARRIS BNZ      CHRISTCHURCH  NZL","PURCHASES",06/11/2018,,,
07/11/2018,-18.73,"PAYPAL *JUNSEONG       4029357733    SG","PURCHASES",05/11/2018,,,
07/11/2018,-79.00,"TREATME                AUCKLAND      NZ","PURCHASES",06/11/2018,,,
08/11/2018,100.00,"PAYMENT RECEIVED       THANK YOU     NZL",,07/11/2018,,,
09/11/2018,-47.04,"AMZN Mktp US*M80XM3BG2 Amzn.com/bill LU","PURCHASES",07/11/2018,,,
09/11/2018,-15.00,"HANOI OLD QUARTER      CHRISTCHURCH  NZ","PURCHASES",08/11/2018,,,
09/11/2018,-4.90,"ROBERT HARRIS BNZ      CHRISTCHURCH  NZL","PURCHASES",09/11/2018,,,
12/11/2018,-6.00,"PHILLIPSTOWN POST SHOP CHRISTCHURCH  NZ","PURCHASES",09/11/2018,,,
12/11/2018,-43.33,"HEALTHY HARVEST FRUIT  CHRISTCHURCH  NZ","PURCHASES",10/11/2018,,,
12/11/2018,-27.86,"NPD MOORHOUSE          CHRISTCHURCH  NZ","PURCHASES",10/11/2018,,,
12/11/2018,-4.90,"ROBERT HARRIS BNZ      CHRISTCHURCH  NZL","PURCHASES",12/11/2018,,,
12/11/2018,-6.39,"SPOTLIGHT STORES NZ LT SYDENHAM      NZ","PURCHASES",12/11/2018,,,
13/11/2018,-39.00,"www.grouponnz.co.nz    grouponnz.co. IE","PURCHASES",11/11/2018,,,
13/11/2018,-4.90,"ROBERT HARRIS BNZ      CHRISTCHURCH  NZL","PURCHASES",13/11/2018,,,
14/11/2018,-6.61,"LUMLEY GEN INS NZ      AUCKLAND      NZL","PURCHASES",14/11/2018,,,
15/11/2018,-47.65,"PAKNSAVE MOORHOUSE     CHRISTCHURCH  NZ","PURCHASES",14/11/2018,,,
19/11/2018,-29.05,"MAD BUTCHER FERRY ROAD CHRISTCHURCH  NZL","PURCHASES",17/11/2018,,,
20/11/2018,-8.96,"LITTLE BREWS ESPRESSO  CHRISTCHURCH  NZ","PURCHASES",20/11/2018,,,
22/11/2018,-20.24,"FARMERS RICCARTON      CHRISTCHURCH  NZ","PURCHASES",21/11/2018,,,
22/11/2018,-9.00,"NZ TRANSPORT AGENCY    PALM NORTH    NZL","PURCHASES",22/11/2018,,,
23/11/2018,-4.90,"ROBERT HARRIS BNZ      CHRISTCHURCH  NZL","PURCHASES",23/11/2018,,,
26/11/2018,-16.74,"PAKNSAVE MOORHOUSE     CHRISTCHURCH  NZ","PURCHASES",23/11/2018,,,
26/11/2018,-3.99,"UNICHEM CASHEL PHARMAC CHRISTCHURCH  NZ","PURCHASES",23/11/2018,,,
26/11/2018,-30.00,"PAYPAL *BELMONTPHAR    4029357733    SG","PURCHASES",24/11/2018,,,
26/11/2018,-1.96,"PAYPAL *FRFAIRYSEAS    4029357733    SG","PURCHASES",24/11/2018,,,
26/11/2018,-96.82,"CATCHOFTHEDAY.C        MULGRAVE      AU","PURCHASES",24/11/2018,,,
26/11/2018,-10.00,"Trade Me               Wellington    NZ","PURCHASES",25/11/2018,,,
26/11/2018,-20.00,"2DEGREES MOBILE        AUCKLAND      NZ","PURCHASES",25/11/2018,,,
26/11/2018,-7.50,"COTTON ON TYPO 9713    CHRISTCHURCH  NZ","PURCHASES",25/11/2018,,,
27/11/2018,-440.00,"IMMIGRATION NZ         AUCKLAND      NZL","PURCHASES",27/11/2018,,,
28/11/2018,-5.00,"DOMINOS PIZZA          AUCKLAND      NZL","PURCHASES",27/11/2018,,,
29/11/2018,-6.58,"FRESHCHOICE CITY MKT   CHRISTCHURCH  NZ","PURCHASES",29/11/2018,,,
03/12/2018,-10.00,"KMART - RICCARTON      CHRISTCHURCH  NZ","PURCHASES",29/11/2018,,,
03/12/2018,1000.00,"PAYMENT RECEIVED       THANK YOU     NZL",,02/12/2018,,,
03/12/2018,12.00,"PAYMENT RECEIVED       THANK YOU     NZL",,02/12/2018,,,
03/12/2018,-86.49,"TWO DEGREES NEW ZEALAN CHRISTCHURCH  NZ","PURCHASES",02/12/2018,,,
03/12/2018,-4.90,"ROBERT HARRIS BNZ      CHRISTCHURCH  NZL","PURCHASES",03/12/2018,,,
03/12/2018,-43.36,"BASICS ASIAN SUPERMARK CHRISTCHURCH  NZL","PURCHASES",03/12/2018,,,
03/12/2018,-4.00,"GRABONE                WHANGAREI     NZL","PURCHASES",03/12/2018,,,
04/12/2018,-20.00,"GRABONE                WHANGAREI     NZL","PURCHASES",04/12/2018,,,
04/12/2018,39.61,"HOLIDAY CREDIT","PURCHASES",04/12/2018,,,
05/12/2018,51.00,"PAYMENT RECEIVED       THANK YOU     NZL",,04/12/2018,,,
05/12/2018,-19.96,"NPD MOORHOUSE          CHRISTCHURCH  NZ","PURCHASES",05/12/2018,,,
06/12/2018,-10.00,"KIWIS FOR KIWI         AUCKLAND      NZ","PURCHASES",05/12/2018,,,
06/12/2018,50.00,"PAYMENT RECEIVED       THANK YOU     NZL",,06/12/2018,,,
07/12/2018,-24.84,"PAKNSAVE MOORHOUSE     CHRISTCHURCH  NZ","PURCHASES",06/12/2018,,,
07/12/2018,-2.69,"POWERSHOP              WELLINGTON    NZL","PURCHASES",07/12/2018,,,
12/12/2018,-45.76,"PAKNSAVE MOORHOUSE     CHRISTCHURCH  NZ","PURCHASES",11/12/2018,,,
12/12/2018,-11.70,"LUMLEY GEN INS NZ      AUCKLAND      NZL","PURCHASES",12/12/2018,,,
13/12/2018,-390.00,"FERRY ROAD DENTAL      CHRISTCHURCH  NZL","PURCHASES",13/12/2018,,,
13/12/2018,-2.10,"POWERSHOP              WELLINGTON    NZL","PURCHASES",13/12/2018,,,
13/12/2018,-50.33,"POWERSHOP              WELLINGTON    NZL","PURCHASES",13/12/2018,,,
17/12/2018,-5.69,"BASICS ASIAN SUPERMARK CHRISTCHURCH  NZL","PURCHASES",15/12/2018,,,
17/12/2018,-9.65,"CRAZY DAVES            CHRISTCHURCH  NZ","PURCHASES",15/12/2018,,,
17/12/2018,-107.94,"NEW WORLD SOUTH CITY   CHIRSTCHURCH  NZ","PURCHASES",15/12/2018,,,
20/12/2018,-14.90,"COUNTRY ROAD - CHCH    CHRISTCHURCH  NZ","PURCHASES",19/12/2018,,,
20/12/2018,-2.22,"POWERSHOP              WELLINGTON    NZL","PURCHASES",20/12/2018,,,
21/12/2018,-47.00,"GRABONE                WHANGAREI     NZL","PURCHASES",21/12/2018,,,
21/12/2018,-95.70,"BALLANTYNES            CHRISTCHURCH  NZ","PURCHASES",21/12/2018,,,
24/12/2018,-55.04,"NYX PMU CHRISTCHURCH   CHRISTCHURCH  NZ","PURCHASES",21/12/2018,,,
24/12/2018,-68.57,"NPD MOORHOUSE          CHRISTCHURCH  NZ","PURCHASES",22/12/2018,,,
24/12/2018,-3.90,"KAIKOURA BAKERY        KAIKOURA      NZ","PURCHASES",23/12/2018,,,
24/12/2018,-3.33,"POWERSHOP              WELLINGTON    NZL","PURCHASES",24/12/2018,,,
27/12/2018,-20.00,"2DEGREES MOBILE        AUCKLAND      NZ","PURCHASES",25/12/2018,,,
27/12/2018,-8.00,"ULA                    KAIKOURA      NZL","PURCHASES",26/12/2018,,,
27/12/2018,-4.80,"THE CRAYPOT KAIKOURA   KAIKOURA      NZ","PURCHASES",26/12/2018,,,
27/12/2018,-20.78,"APL WAIPARA            AMBERLEY NZ   NZ","PURCHASES",26/12/2018,,,
27/12/2018,-5.96,"LUMLEY GEN INS NZ      AUCKLAND      NZL","PURCHASES",27/12/2018,,,
31/12/2018,-40.70,"PAK N SAVE RICCARTON   CHRISTCHURCH  NZ","PURCHASES",28/12/2018,,,
31/12/2018,-89.80,"DECJUBA RICCARTON      CHRISTCHURCH  NZ","PURCHASES",28/12/2018,,,
31/12/2018,-58.33,"NPD MOORHOUSE          CHRISTCHURCH  NZ","PURCHASES",28/12/2018,,,
31/12/2018,-141.80,"LIFE PHARMACY RICCARTO RICCARTON     NZ","PURCHASES",28/12/2018,,,
31/12/2018,-6.20,"LIFE PHARMACY RICCARTO RICCARTON     NZ","PURCHASES",28/12/2018,,,
31/12/2018,-74.00,"GRABONE                WHANGAREI     NZL","PURCHASES",31/12/2018,,,
31/12/2018,-49.00,"GRABONE                WHANGAREI     NZL","PURCHASES",31/12/2018,,,
03/01/2019,-75.00,"TREATME                AUCKLAND      NZ","PURCHASES",30/12/2018,,,
03/01/2019,-22.00,"TREATME                AUCKLAND      NZ","PURCHASES",30/12/2018,,,
03/01/2019,-23.20,"FAMILY RESTAURANT      CHRISTCHURCH  NZ","PURCHASES",31/12/2018,,,
03/01/2019,-18.70,"PAYPAL *WANG1WORLD     4029357733    SG","PURCHASES",31/12/2018,,,
03/01/2019,-2.28,"PAYPAL *BITAO YU       4029357733    SG","PURCHASES",31/12/2018,,,
03/01/2019,-4.50,"POWERSHOP              WELLINGTON    NZL","PURCHASES",01/01/2019,,,
03/01/2019,-20.19,"POWERSHOP              WELLINGTON    NZL","PURCHASES",01/01/2019,,,
03/01/2019,-86.49,"TWO DEGREES NEW ZEALAN CHRISTCHURCH  NZ","PURCHASES",02/01/2019,,,
04/01/2019,-12.00,"COUNTDOWN THE PALMS    CHRISTCHURCH  NZL","PURCHASES",03/01/2019,,,
04/01/2019,-8.39,"FARMERS - SHIRLEY      CHRISTCHURCH  NZ","PURCHASES",03/01/2019,,,
04/01/2019,-39.60,"FARMERS - SHIRLEY      CHRISTCHURCH  NZ","PURCHASES",03/01/2019,,,
07/01/2019,-9.27,"PAKNSAVE MOORHOUSE     CHRISTCHURCH  NZ","PURCHASES",04/01/2019,,,
07/01/2019,-21.00,"GRABONE                WHANGAREI     NZL","PURCHASES",06/01/2019,,,
07/01/2019,-4.90,"ROBERT HARRIS BNZ      CHRISTCHURCH  NZL","PURCHASES",07/01/2019,,,
07/01/2019,-4.20,"ROBERT HARRIS BNZ      CHRISTCHURCH  NZL","PURCHASES",07/01/2019,,,
08/01/2019,-5.94,"FRESHCHOICE CITY MKT   CHRISTCHURCH  NZ","PURCHASES",08/01/2019,,,
09/01/2019,-62.14,"VETCALL                CHRISTCHURCH  NZ","PURCHASES",08/01/2019,,,
09/01/2019,-5.96,"LUMLEY GEN INS NZ      AUCKLAND      NZL","PURCHASES",09/01/2019,,,
10/01/2019,1800.00,"PAYMENT RECEIVED       THANK YOU     NZL",,09/01/2019,,,
10/01/2019,50.00,"PAYMENT RECEIVED       THANK YOU     NZL",,10/01/2019,,,
11/01/2019,-15.99,"ACQUISITIONS           CHRISTCHURCH  NZL","PURCHASES",11/01/2019,,,
14/01/2019,-7.34,"PAKNSAVE MOORHOUSE     CHRISTCHURCH  NZ","PURCHASES",11/01/2019,,,
14/01/2019,-13.49,"REBEL RICCARTON        MORNINGSIDE   NZ","PURCHASES",11/01/2019,,,
14/01/2019,-5.58,"PAKNSAVE MOORHOUSE     CHRISTCHURCH  NZ","PURCHASES",12/01/2019,,,
14/01/2019,-46.22,"NEW WORLD SOUTH CITY   CHIRSTCHURCH  NZ","PURCHASES",12/01/2019,,,
14/01/2019,-69.98,"MITRE 10 MEGA HORNBY   HORNBY        NZ","PURCHASES",13/01/2019,,,
14/01/2019,-10.00,"ALICE CINEMATHEQUE     CHRISTCHURCH  NZ","PURCHASES",13/01/2019,,,
14/01/2019,-4.90,"ROBERT HARRIS BNZ      CHRISTCHURCH  NZL","PURCHASES",14/01/2019,,,
14/01/2019,-2.34,"POWERSHOP              WELLINGTON    NZL","PURCHASES",14/01/2019,,,
16/01/2019,-4.98,"PAKNSAVE MOORHOUSE     CHRISTCHURCH  NZ","PURCHASES",15/01/2019,,,
17/01/2019,-17.27,"PAKNSAVE MOORHOUSE     CHRISTCHURCH  NZ","PURCHASES",16/01/2019,,,
17/01/2019,-20.00,"2DEGREES MOBILE        AUCKLAND      NZ","PURCHASES",16/01/2019,,,
18/01/2019,-2.58,"FRESHCHOICE CITY MKT   CHRISTCHURCH  NZ","PURCHASES",18/01/2019,,,
21/01/2019,-66.53,"BUNNINGS - 9476        RICCARTON     NZL","PURCHASES",20/01/2019,,,
21/01/2019,-35.00,"MADAM KWONG'S          CHRISTCHURCH  NZ","PURCHASES",20/01/2019,,,
21/01/2019,-1.00,"PAKNSAVE MOORHOUSE     CHRISTCHURCH  NZ","PURCHASES",20/01/2019,,,
21/01/2019,-17.00,"TWL 220 RICCARTON      RICCARTON     NZ","PURCHASES",20/01/2019,,,
21/01/2019,-4.90,"ROBERT HARRIS BNZ      CHRISTCHURCH  NZL","PURCHASES",21/01/2019,,,
21/01/2019,-15.00,"BUNNINGS - 9476        RICCARTON     NZL","PURCHASES",21/01/2019,,,
21/01/2019,-113.00,"RUBY CH                CHRISTCHURCH  NZ","PURCHASES",21/01/2019,,,
21/01/2019,-3.67,"FRESHCHOICE CITY MKT   CHRISTCHURCH  NZ","PURCHASES",21/01/2019,,,
22/01/2019,-4.28,"FRESHCHOICE CITY MKT   CHRISTCHURCH  NZ","PURCHASES",22/01/2019,,,
23/01/2019,-5.96,"LUMLEY GEN INS NZ      AUCKLAND      NZL","PURCHASES",23/01/2019,,,
23/01/2019,-8.33,"FRESHCHOICE CITY MKT   CHRISTCHURCH  NZ","PURCHASES",23/01/2019,,,
25/01/2019,-3.29,"PAKNSAVE MOORHOUSE     CHRISTCHURCH  NZ","PURCHASES",24/01/2019,,,
25/01/2019,500.00,"PAYMENT RECEIVED       THANK YOU     NZL",,25/01/2019,,,
28/01/2019,-4.78,"Apple NZ GCS           SYDNEY        AU","PURCHASES",24/01/2019,,,
28/01/2019,-388.40,"BALLANTYNES            CHRISTCHURCH  NZ","PURCHASES",25/01/2019,,,
28/01/2019,-13.56,"BASICS ASIAN SUPERMARK CHRISTCHURCH  NZL","PURCHASES",26/01/2019,,,
28/01/2019,-1.98,"BASICS ASIAN SUPERMARK CHRISTCHURCH  NZL","PURCHASES",26/01/2019,,,
28/01/2019,-44.82,"MAD BUTCHER FERRY ROAD CHRISTCHURCH  NZL","PURCHASES",26/01/2019,,,
28/01/2019,-4.90,"ROBERT HARRIS BNZ      CHRISTCHURCH  NZL","PURCHASES",28/01/2019,,,
28/01/2019,-64.00,"BALLANTYNES            CHRISTCHURCH  NZ","PURCHASES",28/01/2019,,,
29/01/2019,-19.00,"COUNTDOWN MOORHOUSE    CHRISTCHURCH  NZL","PURCHASES",28/01/2019,,,
29/01/2019,-5.00,"Trade Me               Wellington    NZ","PURCHASES",28/01/2019,,,
30/01/2019,-58.80,"BALLANTYNES            CHRISTCHURCH  NZ","PURCHASES",30/01/2019,,,
31/01/2019,601.00,"PAYMENT RECEIVED       THANK YOU     NZL",,30/01/2019,,,
31/01/2019,-8.00,"MCDONALDS SOUTH CITY F CHRISTCHURCH  NZL","PURCHASES",31/01/2019,,,
31/01/2019,-3.50,"UNICHEM CASHEL PHARMAC CHRISTCHURCH  NZ","PURCHASES",31/01/2019,,,
31/01/2019,-119.40,"BALLANTYNES            CHRISTCHURCH  NZ","PURCHASES",31/01/2019,,,
01/02/2019,-10.50,"CASHEL ST POST SHOP    CHRISTCHURCH  NZ","PURCHASES",31/01/2019,,,
01/02/2019,-92.20,"BALLANTYNES            CHRISTCHURCH  NZ","PURCHASES",31/01/2019,,,
01/02/2019,-4.94,"POWERSHOP              WELLINGTON    NZL","PURCHASES",01/02/2019,,,
01/02/2019,-86.00,"BALLANTYNES            CHRISTCHURCH  NZ","PURCHASES",01/02/2019,,,
01/02/2019,-12.97,"FRESHCHOICE CITY MKT   CHRISTCHURCH  NZ","PURCHASES",01/02/2019,,,
04/02/2019,-39.20,"BALLANTYNES            CHRISTCHURCH  NZ","PURCHASES",01/02/2019,,,
04/02/2019,-38.00,"BALLANTYNES            CHRISTCHURCH  NZ","PURCHASES",01/02/2019,,,
04/02/2019,-370.00,"PETERSENS JEWELLERS    CHRISTCHURCH  NZ","PURCHASES",02/02/2019,,,
04/02/2019,-77.94,"SEED HERITAGE          CHRISTCHURCH  NZ","PURCHASES",02/02/2019,,,
04/02/2019,-86.49,"TWO DEGREES NEW ZEALAN CHRISTCHURCH  NZ","PURCHASES",02/02/2019,,,
04/02/2019,-4.90,"ROBERT HARRIS BNZ      CHRISTCHURCH  NZL","PURCHASES",04/02/2019,,,
04/02/2019,-5.99,"FRESHCHOICE MERIVALE   CHRISTCHURCH  NZL","PURCHASES",04/02/2019,,,
05/02/2019,-3.38,"FRESHCHOICE CITY MKT   CHRISTCHURCH  NZ","PURCHASES",05/02/2019,,,
07/02/2019,963.00,"PAYMENT RECEIVED       THANK YOU     NZL",,06/02/2019,,,
07/02/2019,70.00,"PAYMENT RECEIVED       THANK YOU     NZL",,06/02/2019,,,
07/02/2019,-70.00,"TREATME                AUCKLAND      NZ","PURCHASES",06/02/2019,,,
07/02/2019,-8.99,"TREATME                AUCKLAND      NZ","PURCHASES",06/02/2019,,,
07/02/2019,-5.96,"LUMLEY GEN INS NZ      AUCKLAND      NZL","PURCHASES",07/02/2019,,,
08/02/2019,-15.20,"TWO FAT INDIANS        CHRISTCHURCH  NZ","PURCHASES",07/02/2019,,,
08/02/2019,30.00,"PAYMENT RECEIVED       THANK YOU     NZL",,08/02/2019,,,
08/02/2019,-2.15,"POWERSHOP              WELLINGTON    NZL","PURCHASES",08/02/2019,,,
11/02/2019,-84.94,"PAKNSAVE MOORHOUSE     CHRISTCHURCH  NZ","PURCHASES",10/02/2019,,,
11/02/2019,-4.20,"ROBERT HARRIS BNZ      CHRISTCHURCH  NZL","PURCHASES",11/02/2019,,,
11/02/2019,-6.78,"FRESHCHOICE CITY MKT   CHRISTCHURCH  NZ","PURCHASES",11/02/2019,,,
12/02/2019,-48.68,"COUNTRY ROAD - CHCH    CHRISTCHURCH  NZ","PURCHASES",12/02/2019,,,
13/02/2019,-79.00,"HAPA                   CHRISTCHURCH  NZ","PURCHASES",12/02/2019,,,
13/02/2019,-3.97,"POWERSHOP              WELLINGTON    NZL","PURCHASES",13/02/2019,,,
14/02/2019,-4.18,"Apple NZ GCS           SYDNEY        AU","PURCHASES",12/02/2019,,,
15/02/2019,-61.38,"MAD BUTCHER FERRY ROAD CHRISTCHURCH  NZL","PURCHASES",15/02/2019,,,
20/02/2019,-140.00,"EMBASSY OF CHINA       CHRISTCHURCH  NZ","PURCHASES",19/02/2019,,,
20/02/2019,-12.00,"RICCARTON NOODLE HOUSE CHRISTCHURCH  NZ","PURCHASES",19/02/2019,,,
20/02/2019,-5.96,"LUMLEY GEN INS NZ      AUCKLAND      NZL","PURCHASES",20/02/2019,,,
21/02/2019,-14.90,"TWO FAT INDIANS        CHRISTCHURCH  NZ","PURCHASES",20/02/2019,,,
22/02/2019,-13.49,"FRESHCHOICE CITY MKT   CHRISTCHURCH  NZ","PURCHASES",22/02/2019,,,
25/02/2019,-28.73,"PAKNSAVE MOORHOUSE     CHRISTCHURCH  NZ","PURCHASES",23/02/2019,,,
25/02/2019,-50.00,"POWERSHOP              WELLINGTON    NZL","PURCHASES",24/02/2019,,,
25/02/2019,-20.00,"2DEGREES MOBILE        AUCKLAND      NZ","PURCHASES",25/02/2019,,,
26/02/2019,-3.01,"POWERSHOP              WELLINGTON    NZL","PURCHASES",26/02/2019,,,
28/02/2019,-12.94,"FRESHCHOICE CITY MKT   CHRISTCHURCH  NZ","PURCHASES",28/02/2019,,,
01/03/2019,-84.71,"TRAVEL INSURANCE DIREC AUCKLAND      NZL","PURCHASES",01/03/2019,,,
01/03/2019,-5.67,"POWERSHOP              WELLINGTON    NZL","PURCHASES",01/03/2019,,,
04/03/2019,-18.00,"FARMERS RICCARTON      CHRISTCHURCH  NZ","PURCHASES",01/03/2019,,,
04/03/2019,-19.99,"LIFE PHARMACY RICCARTO RICCARTON     NZ","PURCHASES",01/03/2019,,,
04/03/2019,-1.79,"Apple NZ GCS           SYDNEY        AU","PURCHASES",01/03/2019,,,
04/03/2019,-86.49,"TWO DEGREES NEW ZEALAN CHRISTCHURCH  NZ","PURCHASES",02/03/2019,,,
04/03/2019,-24.75,"FOX AND FERRET SHIRLEY CHRISTCHURCH  NZ","PURCHASES",03/03/2019,,,
05/03/2019,-40.00,"BRAS N THINGS          CHRISTCHURCH  NZ","PURCHASES",04/03/2019,,,
05/03/2019,-87.37,"LIFE PHARMACY THE PALM AUCKLAND      NZ","PURCHASES",04/03/2019,,,
05/03/2019,-5.00,"DIVINE CAKES THE PALMS SHIRLEY CHRIS NZ","PURCHASES",04/03/2019,,,
06/03/2019,850.00,"PAYMENT RECEIVED       THANK YOU     NZL",,05/03/2019,,,
06/03/2019,3.00,"PAYMENT RECEIVED       THANK YOU     NZL",,05/03/2019,,,
06/03/2019,500.00,"PAYMENT RECEIVED       THANK YOU     NZL",,05/03/2019,,,
06/03/2019,-16.69,"PAKNSAVE MOORHOUSE     CHRISTCHURCH  NZ","PURCHASES",05/03/2019,,,
06/03/2019,-90.00,"STIRLING SPORTS RICCAR RICCARTON     NZ","PURCHASES",05/03/2019,,,
06/03/2019,-99.99,"AMAZON RICCARTON       RICCARTON CHR NZ","PURCHASES",05/03/2019,,,
06/03/2019,-5.96,"LUMLEY GEN INS NZ      AUCKLAND      NZL","PURCHASES",06/03/2019,,,
06/03/2019,-5.43,"POWERSHOP              WELLINGTON    NZL","PURCHASES",06/03/2019,,,
06/03/2019,-20.99,"UNICHEM CASHEL PHARMAC CHRISTCHURCH  NZ","PURCHASES",06/03/2019,,,
07/03/2019,-28.25,"JR DUTY FREE NZ WEBSIT WELLINGTON    NZ","PURCHASES",05/03/2019,,,
07/03/2019,-73.48,"JR DUTY FREE NZ WEBSIT WELLINGTON    NZ","PURCHASES",05/03/2019,,,
07/03/2019,-56.00,"DUTY FREE DEPARTURES   CHRISTCHURCH  NZ","PURCHASES",06/03/2019,,,
07/03/2019,-186.00,"DUTY FREE DEPARTURES   CHRISTCHURCH  NZ","PURCHASES",06/03/2019,,,
08/03/2019,-23.99,"Apple NZ GCS           SYDNEY        AU","PURCHASES",06/03/2019,,,
11/03/2019,-2.59,"POWERSHOP              WELLINGTON    NZL","PURCHASES",11/03/2019,,,
18/03/2019,-50.00,"GIVEALITTLE DONATION   AUCKLAND      NZL","PURCHASES",16/03/2019,,,
20/03/2019,-5.96,"LUMLEY GEN INS NZ      AUCKLAND      NZL","PURCHASES",20/03/2019,,,
25/03/2019,-36.18,"MAD BUTCHER FERRY ROAD CHRISTCHURCH  NZL","PURCHASES",24/03/2019,,,
25/03/2019,-4.90,"ROBERT HARRIS BNZ      CHRISTCHURCH  NZL","PURCHASES",25/03/2019,,,
25/03/2019,-50.00,"POWERSHOP              WELLINGTON    NZL","PURCHASES",25/03/2019,,,
25/03/2019,-4.94,"POWERSHOP              WELLINGTON    NZL","PURCHASES",25/03/2019,,,
25/03/2019,-19.00,"2DEGREES MOBILE        AUCKLAND      NZ","PURCHASES",25/03/2019,,,
26/03/2019,-4.75,"FRESHCHOICE CITY MKT   CHRISTCHURCH  NZ","PURCHASES",26/03/2019,,,
27/03/2019,-5.00,"WENDY'S HEREFORD STREE CHRISTCHURCH  NZ","PURCHASES",25/03/2019,,,
27/03/2019,-68.04,"PAKNSAVE MOORHOUSE     CHRISTCHURCH  NZ","PURCHASES",26/03/2019,,,
01/04/2019,-8.55,"BASICS ASIAN SUPERMARK CHRISTCHURCH  NZL","PURCHASES",30/03/2019,,,
01/04/2019,-12.00,"RICCARTON NOODLE HOUSE CHRISTCHURCH  NZ","PURCHASES",30/03/2019,,,
01/04/2019,-110.00,"STIRLING SPORTS OUTLET MANUKAU       NZ","PURCHASES",30/03/2019,,,
01/04/2019,-33.89,"HARVEY NORMAN STORES   CHRISTCHURCH  NZ","PURCHASES",31/03/2019,,,
01/04/2019,-18.90,"GROWERS DIRECT (1974)  CHRISTCHURCH  NZ","PURCHASES",31/03/2019,,,
01/04/2019,-39.46,"MITRE 10 MEGA HORNBY   HORNBY        NZ","PURCHASES",31/03/2019,,,
01/04/2019,-5.20,"ROBERT HARRIS BNZ      CHRISTCHURCH  NZL","PURCHASES",01/04/2019,,,
01/04/2019,200.00,"PAYMENT RECEIVED       THANK YOU     NZL",,01/04/2019,,,
02/04/2019,504.00,"PAYMENT RECEIVED       THANK YOU     NZL",,02/04/2019,,,
02/04/2019,-7.37,"POWERSHOP              WELLINGTON    NZL","PURCHASES",02/04/2019,,,
02/04/2019,-20.00,"GIVEALITTLE DONATION   AUCKLAND      NZL","PURCHASES",02/04/2019,,,
03/04/2019,-66.98,"EXCITEONLINESERVICE    0394170414    AU","PURCHASES",01/04/2019,,,
03/04/2019,-86.49,"TWO DEGREES NEW ZEALAN CHRISTCHURCH  NZ","PURCHASES",02/04/2019,,,
03/04/2019,186.00,"PAYMENT RECEIVED       THANK YOU     NZL",,03/04/2019,,,
03/04/2019,-5.96,"LUMLEY GEN INS NZ      AUCKLAND      NZL","PURCHASES",03/04/2019,,,
05/04/2019,-8.11,"PAYPAL *ZENGSHANGLA    4029357733    SG","PURCHASES",03/04/2019,,,
05/04/2019,-35.33,"PAYPAL *REARTH         4029357733    SG","PURCHASES",03/04/2019,,,
05/04/2019,-1.52,"PAYPAL *HUANGDONGYI    4029357733    SG","PURCHASES",03/04/2019,,,
05/04/2019,-1.91,"PAYPAL *ZHANGZHENZH    4029357733    SG","PURCHASES",03/04/2019,,,
05/04/2019,-8.00,"MCDONALDS MOORHOUSE AV CHRISTCHURCH  NZL","PURCHASES",04/04/2019,,,
05/04/2019,-26.11,"HARVEY NORMAN STORES   CHRISTCHURCH  NZ","PURCHASES",04/04/2019,,,
05/04/2019,81.00,"PAYMENT RECEIVED       THANK YOU     NZL",,05/04/2019,,,
08/04/2019,-25.00,"PEDRO'S HOUSE OF LAMB  CHRISTCHURCH  NZ","PURCHASES",06/04/2019,,,
08/04/2019,-12.60,"COUNTDOWN MOORHOUSE    CHRISTCHURCH  NZL","PURCHASES",07/04/2019,,,
08/04/2019,-16.15,"BASICS ASIAN SUPERMARK CHRISTCHURCH  NZL","PURCHASES",07/04/2019,,,
08/04/2019,-17.89,"NPD MOORHOUSE          CHRISTCHURCH  NZ","PURCHASES",07/04/2019,,,
08/04/2019,-46.19,"SUNSON GIFT SHOP       CHRISTCHURCH  NZ","PURCHASES",07/04/2019,,,
09/04/2019,-4.23,"POWERSHOP              WELLINGTON    NZL","PURCHASES",09/04/2019,,,
11/04/2019,-5.50,"WENDY'S HEREFORD STREE CHRISTCHURCH  NZ","PURCHASES",09/04/2019,,,
11/04/2019,-40.16,"MAD BUTCHER FERRY ROAD CHRISTCHURCH  NZL","PURCHASES",11/04/2019,,,
12/04/2019,-29.00,"HARVEY NORMAN STORES   CHRISTCHURCH  NZ","PURCHASES",11/04/2019,,,
15/04/2019,-11.00,"O.G.B                  CHRISTCHURCH  NZL","PURCHASES",12/04/2019,,,
15/04/2019,-5.20,"ROBERT HARRIS BNZ      CHRISTCHURCH  NZL","PURCHASES",15/04/2019,,,
16/04/2019,-65.46,"VETCALL                CHRISTCHURCH  NZ","PURCHASES",15/04/2019,,,
17/04/2019,-5.96,"LUMLEY GEN INS NZ      AUCKLAND      NZL","PURCHASES",17/04/2019,,,
18/04/2019,-16.00,"TWL 175 SOUTH CITY     CHRISTCHURCH  NZ","PURCHASES",17/04/2019,,,
18/04/2019,-3.38,"POWERSHOP              WELLINGTON    NZL","PURCHASES",18/04/2019,,,
